{
    "width": 640,
    "height": 480,
    "path_corners": [
            [0, 200],
            [180, 200],
            [180, 80],
            [360, 80],
            [360, 160],
            [480, 160],
            [480, 40],
            [540, 40],
            [540, 280],
            [360, 280],
            [360, 360],
            [480, 360],
            [480, 440],
            [180, 440],
            [180, 320],
            [60, 320],
            [60, 400],
            [0, 400]
    ],
    "rocks": [
        [100, 270],
        [40, 270],
        [150, 250],
        [100, 120],
        [50, 80],
        [50, 20],
        [300, 285],
        [280, 200],
        [300, 140],
        [550, 350],
        [590, 220]
    ],
    "money": 250,
    "num_allowed_unfed": 20,
    "spawn_interval": 10,
    "animal_speed": 10
}